--Datos para carga inicial de la base de datos


DELETE FROM EMPLEADO_NO_DEPORTIVO;
-- Inserciones válidas para la tabla EMPLEADO_NO_DEPORTIVO
INSERT INTO EMPLEADO_NO_DEPORTIVO (ID_EMPLEADO_NO_DEP, DNI, NOMBRE, APELLIDO, FECHA_NACIMIENTO, TELEFONO, POSICION, SALARIO_ANUAL)
VALUES 
    ('E0000001', '12345678A', 'Carlos', 'García', '1985-01-15', '600123456', 'gerente', 45000.50),
    ('E0000002', '23456789B', 'Laura', 'Pérez', '1990-06-20', '600234567', 'vendedor de entradas/abonos', 30000.00),
    ('E0000003', '34567890C', 'Miguel', 'López', '1988-03-10', '600345678', 'encargado de tienda', 32000.75),
    ('E0000004', '45678901D', 'Ana', 'Martínez', '1995-11-25', '600456789', 'gestor de instalaciones', 38000.80),
    ('E0000005', '56789012E', 'Javier', 'Sánchez', '1982-05-05', '600567890', 'empleado de tienda', 28000.40),
    ('E0000006', '67890123F', 'Clara', 'Hernández', '1993-08-15', '600678901', 'empleado de jardineria', 27000.60),
    ('E0000007', '78901234G', 'Sofia', 'Torres', '1997-02-28', '600789012', 'empleado de cocina', 26000.30),
    ('E0000008', '89012345H', 'Pedro', 'González', '1984-09-17', '600890123', 'director de comunicaciones', 50000.00);


-- Inserción de registros en la tabla INSTALACION
DELETE FROM INSTALACION;
INSERT INTO INSTALACION (COD_INSTALACION) VALUES ('ZONA_ENTRENAMIENTO_1');
INSERT INTO INSTALACION (COD_INSTALACION) VALUES ('ZONA_ENTRENAMIENTO_2');
INSERT INTO INSTALACION (COD_INSTALACION) VALUES ('GIMNASIO_PRINCIPAL');
INSERT INTO INSTALACION (COD_INSTALACION) VALUES ('CAMPO_JUEGO_1');
INSERT INTO INSTALACION (COD_INSTALACION) VALUES ('CAMPO_JUEGO_2');


-- Insertar datos en la tabla CLIENTE
DELETE FROM CLIENTE;
INSERT INTO CLIENTE (DNI, NOMBRE) VALUES
('12345678A', 'Juan Perez'),
('87654321B', 'Maria Lopez'),
('45678912C', 'Carlos Ramirez'),
('78965432D', 'Laura Martinez'),
('15975328E', 'Ana Garcia');


-- Insertar datos en la tabla VENTAS (relacionados con los clientes)
DELETE FROM VENTAS;
INSERT INTO VENTAS (ID_VENTAS, DNI, FECHA, COSTE) VALUES
('V001', '12345678A', '2023-10-01', 150.00),
('V002', '87654321B', '2023-10-02', 200.50),
('V003', '45678912C', '2023-10-03', 175.75),
('V004', '78965432D', '2023-10-04', 180.00),
('V005', '15975328E', '2023-10-05', 220.00);



-- Insertar datos en la tabla RESERVA (relacionados con las ventas e instalaciones)
DELETE FROM RESERVA;
INSERT INTO RESERVA (COD_RESERVA, HORA_FIN, HORA_INICIO, COD_INSTALACION, N_TARJETA) VALUES
('V001', '14:00:00', '12:00:00',  'ZONA_ENTRENAMIENTO_1', '123456789012345678901234'),
('V002', '16:00:00', '14:00:00', 'ZONA_ENTRENAMIENTO_2', '123456789012345678901235'),
('V003', '18:00:00', '16:00:00',  'GIMNASIO_PRINCIPAL', '123456789012345678901236'),
('V004', '10:00:00', '08:00:00',  'CAMPO_JUEGO_1', '123456789012345678901237'),
('V005', '12:00:00', '10:00:00',  'CAMPO_JUEGO_2', '123456789012345678901238');

